,Pedido,Quantidade,Preco,Numero_produto,Vendas,Data,Status,Quarter,Mês,Ano,Produto,Codigo_produto,Estado,Codigo Postal,Pais,Tamanho
0,10107,30,95.7,2,2871,2/24/2003,Shipped,1,Feb,2003,Motorcycles,S10_1678,NY,10022,BRASIL,Small
1,10145,45,83.26,6,3746.7,8/25/2003,Shipped,3,Ago,2003,Motorcycles,S10_1678,CA,90003,BRASIL,Medium
2,10159,49,100,14,5205.27,10/10/2003,Shipped,4,Oct,2003,Motorcycles,S10_1678,CA,,BRASIL,Medium
3,10168,36,96.66,1,3479.76,10/28/2003,Shipped,4,Oct,2003,Motorcycles,S10_1678,CA,94217,BRASIL,Medium
4,10201,22,98.57,2,2168.54,12/1/2003,Shipped,4,Dec,2003,Motorcycles,S10_1678,CA,,BRASIL,Small
5,10237,23,100,7,2333.12,4/5/2004,Shipped,2,Apr,2004,Motorcycles,S10_1678,NY,10022,BRASIL,Small
6,10251,28,100,2,3188.64,5/18/2004,Shipped,2,Mai,2004,Motorcycles,S10_1678,NJ,94019,BRASIL,Medium
7,10263,34,100,2,3676.76,6/28/2004,Shipped,2,Jun,2004,Motorcycles,S10_1678,CT,97562,BRASIL,Medium
8,10285,36,100,6,4099.68,8/27/2004,Shipped,3,Ago,2004,Motorcycles,S10_1678,MA,51247,BRASIL,Medium
9,10318,46,94.74,1,4358.04,11/2/2004,Shipped,4,Nov,2004,Motorcycles,S10_1678,PA,70267,BRASIL,Medium
10,10329,42,100,1,4396.14,11/15/2004,Shipped,4,Nov,2004,Motorcycles,S10_1678,NY,10022,BRASIL,Medium
11,10388,42,76.36,4,3207.12,3/3/2005,Shipped,1,Mar,2005,Motorcycles,S10_1678,MA,50553,BRASIL,Medium
12,10140,37,100,11,7374.1,7/24/2003,Shipped,3,Jul,2003,Classic Cars,S10_1949,CA,94217,BRASIL,Large
13,10163,21,100,1,4860.24,10/20/2003,Shipped,4,Oct,2003,Classic Cars,S10_1949,NY,10022,BRASIL,Medium
14,10183,23,100,8,5372.57,11/13/2003,Shipped,4,Nov,2003,Classic Cars,S10_1949,PA,71270,BRASIL,Medium
15,10215,35,100,3,6075.3,1/29/2004,Shipped,1,Jan,2004,Classic Cars,S10_1949,CA,94019,BRASIL,Medium
16,10228,29,100,2,6463.23,3/10/2004,Shipped,1,Mar,2004,Classic Cars,S10_1949,MA,51247,BRASIL,Medium
17,10245,34,100,9,6120.34,5/4/2004,Shipped,2,Mai,2004,Classic Cars,S10_1949,CT,97823,BRASIL,Medium
18,10312,48,100,3,11623.7,10/21/2004,Shipped,4,Oct,2004,Classic Cars,S10_1949,CA,97562,BRASIL,Large
19,10322,40,100,1,6000.4,11/4/2004,Shipped,4,Nov,2004,Classic Cars,S10_1949,NH,62005,BRASIL,Medium
20,10333,26,100,3,3003,11/18/2004,Shipped,4,Nov,2004,Classic Cars,S10_1949,CA,,BRASIL,Medium
21,10357,32,100,10,5691.84,12/10/2004,Shipped,4,Dec,2004,Classic Cars,S10_1949,CA,97562,BRASIL,Medium
22,10369,41,100,2,4514.92,1/20/2005,Shipped,1,Jan,2005,Classic Cars,S10_1949,MA,58339,BRASIL,Medium
23,10381,36,100,3,8254.8,2/17/2005,Shipped,1,Feb,2005,Classic Cars,S10_1949,CA,,BRASIL,Large
24,10107,39,99.91,5,3896.49,2/24/2003,Shipped,1,Feb,2003,Motorcycles,S10_2016,NY,10022,BRASIL,Medium
25,10145,37,100,9,5192.95,8/25/2003,Shipped,3,Ago,2003,Motorcycles,S10_2016,CA,90003,BRASIL,Medium
26,10159,37,100,17,5016.83,10/10/2003,Shipped,4,Oct,2003,Motorcycles,S10_2016,CA,,BRASIL,Medium
27,10168,27,100,4,3660.93,10/28/2003,Shipped,4,Oct,2003,Motorcycles,S10_2016,CA,94217,BRASIL,Medium
28,10201,24,100,5,3025.92,12/1/2003,Shipped,4,Dec,2003,Motorcycles,S10_2016,CA,,BRASIL,Medium
29,10236,22,100,1,2852.08,4/3/2004,Shipped,2,Apr,2004,Motorcycles,S10_2016,PA,71270,BRASIL,Small
30,10251,44,100,5,5756.52,5/18/2004,Shipped,2,Mai,2004,Motorcycles,S10_2016,NJ,94019,BRASIL,Medium
31,10263,40,100,5,4472,6/28/2004,Shipped,2,Jun,2004,Motorcycles,S10_2016,CT,97562,BRASIL,Medium
32,10285,47,100,9,6484.59,8/27/2004,Shipped,3,Ago,2004,Motorcycles,S10_2016,MA,51247,BRASIL,Medium
33,10308,34,100,2,4043.96,10/15/2004,Shipped,4,Oct,2004,Motorcycles,S10_2016,NY,24067,BRASIL,Medium
34,10318,45,100,4,5566.5,11/2/2004,Shipped,4,Nov,2004,Motorcycles,S10_2016,PA,70267,BRASIL,Medium
35,10329,20,100,2,3176,11/15/2004,Shipped,4,Nov,2004,Motorcycles,S10_2016,NY,10022,BRASIL,Medium
36,10388,50,44.51,5,2225.5,3/3/2005,Shipped,1,Mar,2005,Motorcycles,S10_2016,MA,50553,BRASIL,Small
37,10107,27,100,4,6065.55,2/24/2003,Shipped,1,Feb,2003,Motorcycles,S10_4698,NY,10022,BRASIL,Medium
38,10145,33,100,8,5176.38,8/25/2003,Shipped,3,Ago,2003,Motorcycles,S10_4698,CA,90003,BRASIL,Medium
39,10159,22,100,16,4132.7,10/10/2003,Shipped,4,Oct,2003,Motorcycles,S10_4698,CA,,BRASIL,Medium
40,10168,20,100,3,4183,10/28/2003,Shipped,4,Oct,2003,Motorcycles,S10_4698,CA,94217,BRASIL,Medium
41,10201,49,100,4,8065.89,12/1/2003,Shipped,4,Dec,2003,Motorcycles,S10_4698,CA,,BRASIL,Large
42,10237,39,100,9,7023.9,4/5/2004,Shipped,2,Apr,2004,Motorcycles,S10_4698,NY,10022,BRASIL,Large
43,10251,43,100,4,7078.23,5/18/2004,Shipped,2,Mai,2004,Motorcycles,S10_4698,NJ,94019,BRASIL,Large
44,10263,41,100,4,8336.94,6/28/2004,Shipped,2,Jun,2004,Motorcycles,S10_4698,CT,97562,BRASIL,Large
45,10285,27,100,8,5438.07,8/27/2004,Shipped,3,Ago,2004,Motorcycles,S10_4698,MA,51247,BRASIL,Medium
46,10308,20,100,1,4570.4,10/15/2004,Shipped,4,Oct,2004,Motorcycles,S10_4698,NY,24067,BRASIL,Medium
47,10318,37,100,3,7667.14,11/2/2004,Shipped,4,Nov,2004,Motorcycles,S10_4698,PA,70267,BRASIL,Large
48,10329,26,100,3,5868.2,11/15/2004,Shipped,4,Nov,2004,Motorcycles,S10_4698,NY,10022,BRASIL,Medium
49,10362,22,100,4,3664.1,1/5/2005,Shipped,1,Jan,2005,Motorcycles,S10_4698,CA,94217,BRASIL,Medium
50,10388,21,86.77,7,1822.17,3/3/2005,Shipped,1,Mar,2005,Motorcycles,S10_4698,MA,50553,BRASIL,Small
51,10143,49,100,15,5597.76,8/10/2003,Shipped,3,Ago,2003,Classic Cars,S10_4757,MA,50553,BRASIL,Medium
52,10209,39,100,8,5197.92,1/9/2004,Shipped,1,Jan,2004,Classic Cars,S10_4757,CA,,BRASIL,Medium
53,10222,49,100,12,5997.6,2/19/2004,Shipped,1,Feb,2004,Classic Cars,S10_4757,CA,91217,BRASIL,Medium
54,10248,20,100,3,2910.4,5/7/2004,Cancelled,2,Mai,2004,Classic Cars,S10_4757,NY,10022,BRASIL,Small
55,10295,24,100,1,3427.2,9/10/2004,Shipped,3,Sep,2004,Classic Cars,S10_4757,MA,51003,BRASIL,Medium
56,10307,22,100,9,2692.8,10/14/2004,Shipped,4,Oct,2004,Classic Cars,S10_4757,PA,71270,BRASIL,Small
57,10337,25,48.05,8,1201.25,11/21/2004,Shipped,4,Nov,2004,Classic Cars,S10_4757,NY,10022,BRASIL,Small
58,10384,34,100,4,4846.7,2/23/2005,Shipped,1,Feb,2005,Classic Cars,S10_4757,CA,,BRASIL,Medium
59,10400,64,100,9,9661.44,4/1/2005,Shipped,2,Apr,2005,Classic Cars,S10_4757,CA,94217,BRASIL,Large
60,10414,19,100,3,2764.88,5/6/2005,On Hold,2,Mai,2005,Classic Cars,S10_4757,MA,51003,BRASIL,Small
61,10140,26,100,4,3188.12,7/24/2003,Shipped,3,Jul,2003,Classic Cars,S10_4962,CA,94217,BRASIL,Medium
62,10183,28,100,1,3433.36,11/13/2003,Shipped,4,Nov,2003,Classic Cars,S10_4962,PA,71270,BRASIL,Medium
63,10207,31,100,15,4076.19,12/9/2003,Shipped,4,Dec,2003,Classic Cars,S10_4962,MA,51003,BRASIL,Medium
64,10229,50,100,9,6426.5,3/11/2004,Shipped,1,Mar,2004,Classic Cars,S10_4962,CA,97562,BRASIL,Medium
65,10245,28,100,2,4591.72,5/4/2004,Shipped,2,Mai,2004,Classic Cars,S10_4962,CT,97823,BRASIL,Medium
66,10281,44,100,9,7020.64,8/19/2004,Shipped,3,Ago,2004,Classic Cars,S10_4962,PA,70267,BRASIL,Large
67,10305,38,100,13,6680.78,10/13/2004,Shipped,4,Oct,2004,Classic Cars,S10_4962,MA,51247,BRASIL,Medium
68,10322,46,61.99,8,2851.54,11/4/2004,Shipped,4,Nov,2004,Classic Cars,S10_4962,NH,62005,BRASIL,Small
69,10357,43,100,9,5780.92,12/10/2004,Shipped,4,Dec,2004,Classic Cars,S10_4962,CA,97562,BRASIL,Medium
70,10381,37,100,6,6231.54,2/17/2005,Shipped,1,Feb,2005,Classic Cars,S10_4962,CA,,BRASIL,Medium
71,10135,42,100,7,8008.56,7/2/2003,Shipped,3,Jul,2003,Classic Cars,S12_1099,CA,97562,BRASIL,Large
72,10147,48,100,7,9245.76,9/5/2003,Shipped,3,Sep,2003,Classic Cars,S12_1099,MA,58339,BRASIL,Large
73,10159,41,100,2,8296.35,10/10/2003,Shipped,4,Oct,2003,Classic Cars,S12_1099,CA,,BRASIL,Large
74,10276,50,100,3,9631,8/2/2004,Shipped,3,Ago,2004,Classic Cars,S12_1099,MA,58339,BRASIL,Large
75,10329,41,71.47,5,2930.27,11/15/2004,Shipped,4,Nov,2004,Classic Cars,S12_1099,NY,10022,BRASIL,Small
76,10127,46,100,2,11279.2,6/3/2003,Shipped,2,Jun,2003,Classic Cars,S12_1108,NY,10022,BRASIL,Large
77,10142,33,100,12,8023.29,8/8/2003,Shipped,3,Ago,2003,Classic Cars,S12_1108,CA,97562,BRASIL,Large
78,10185,21,100,13,3883.74,11/14/2003,Shipped,4,Nov,2003,Classic Cars,S12_1108,MA,50553,BRASIL,Medium
79,10196,47,100,5,8887.7,11/26/2003,Shipped,4,Nov,2003,Classic Cars,S12_1108,CT,97823,BRASIL,Large
80,10272,35,100,2,5818.4,7/20/2004,Shipped,3,Jul,2004,Classic Cars,S12_1108,PA,70267,BRASIL,Medium
81,10282,41,100,5,7071.27,8/20/2004,Shipped,3,Ago,2004,Classic Cars,S12_1108,CA,97562,BRASIL,Large
82,10371,32,100,6,3560.64,1/23/2005,Shipped,1,Jan,2005,Classic Cars,S12_1108,CA,97562,BRASIL,Medium
83,10382,34,100,10,3823.64,2/17/2005,Shipped,1,Feb,2005,Classic Cars,S12_1108,CA,97562,BRASIL,Medium
84,10413,36,100,2,8677.8,5/5/2005,Shipped,2,Mai,2005,Classic Cars,S12_1108,CT,97562,BRASIL,Large
85,10113,21,100,2,3415.44,3/26/2003,Shipped,1,Mar,2003,Trucks and Buses,S12_1666,CA,97562,BRASIL,Medium
86,10140,38,100,8,4829.8,7/24/2003,Shipped,3,Jul,2003,Trucks and Buses,S12_1666,CA,94217,BRASIL,Medium
87,10183,41,100,5,6163.94,11/13/2003,Shipped,4,Nov,2003,Trucks and Buses,S12_1666,PA,71270,BRASIL,Medium
88,10229,25,100,13,3451,3/11/2004,Shipped,1,Mar,2004,Trucks and Buses,S12_1666,CA,97562,BRASIL,Medium
89,10245,38,100,6,5920.4,5/4/2004,Shipped,2,Mai,2004,Trucks and Buses,S12_1666,CT,97823,BRASIL,Medium
90,10281,25,100,13,2938.5,8/19/2004,Shipped,3,Ago,2004,Trucks and Buses,S12_1666,PA,70267,BRASIL,Small
91,10322,27,100,9,4784.13,11/4/2004,Shipped,4,Nov,2004,Trucks and Buses,S12_1666,NH,62005,BRASIL,Medium
92,10333,33,99.21,6,3273.93,11/18/2004,Shipped,4,Nov,2004,Trucks and Buses,S12_1666,CA,,BRASIL,Medium
93,10357,49,100,8,5960.36,12/10/2004,Shipped,4,Dec,2004,Trucks and Buses,S12_1666,CA,97562,BRASIL,Medium
94,10381,20,100,1,2952,2/17/2005,Shipped,1,Feb,2005,Trucks and Buses,S12_1666,CA,,BRASIL,Small
95,10107,21,100,1,3036.6,2/24/2003,Shipped,1,Feb,2003,Motorcycles,S12_2823,NY,10022,BRASIL,Medium
96,10145,49,100,5,8339.8,8/25/2003,Shipped,3,Ago,2003,Motorcycles,S12_2823,CA,90003,BRASIL,Large
97,10159,38,100,13,6238.84,10/10/2003,Shipped,4,Oct,2003,Motorcycles,S12_2823,CA,,BRASIL,Medium
98,10189,28,100,1,4512.48,11/18/2003,Shipped,4,Nov,2003,Motorcycles,S12_2823,CA,90003,BRASIL,Medium
99,10201,25,100,1,4029,12/1/2003,Shipped,4,Dec,2003,Motorcycles,S12_2823,CA,,BRASIL,Medium
100,10237,32,100,6,4193.28,4/5/2004,Shipped,2,Apr,2004,Motorcycles,S12_2823,NY,10022,BRASIL,Medium
101,10251,46,100,1,7552.28,5/18/2004,Shipped,2,Mai,2004,Motorcycles,S12_2823,NJ,94019,BRASIL,Large
102,10263,48,100,1,6434.4,6/28/2004,Shipped,2,Jun,2004,Motorcycles,S12_2823,CT,97562,BRASIL,Medium
103,10276,43,100,14,5181.5,8/2/2004,Shipped,3,Ago,2004,Motorcycles,S12_2823,MA,58339,BRASIL,Medium
104,10285,49,100,5,6863.92,8/27/2004,Shipped,3,Ago,2004,Motorcycles,S12_2823,MA,51247,BRASIL,Medium
105,10319,30,100,9,4111.8,11/3/2004,Shipped,4,Nov,2004,Motorcycles,S12_2823,NY,10022,BRASIL,Medium
106,10329,24,100,6,3542.64,11/15/2004,Shipped,4,Nov,2004,Motorcycles,S12_2823,NY,10022,BRASIL,Medium
107,10362,22,100,1,3877.06,1/5/2005,Shipped,1,Jan,2005,Motorcycles,S12_2823,CA,94217,BRASIL,Medium
108,10388,44,100,6,5951.44,3/3/2005,Shipped,1,Mar,2005,Motorcycles,S12_2823,MA,50553,BRASIL,Medium
109,10127,46,100,3,7366.44,6/3/2003,Shipped,2,Jun,2003,Classic Cars,S12_3148,NY,10022,BRASIL,Large
110,10142,33,100,13,4985.64,8/8/2003,Shipped,3,Ago,2003,Classic Cars,S12_3148,CA,97562,BRASIL,Medium
111,10185,33,100,14,4038.21,11/14/2003,Shipped,4,Nov,2003,Classic Cars,S12_3148,MA,50553,BRASIL,Medium
112,10196,24,100,6,3807.12,11/26/2003,Shipped,4,Nov,2003,Classic Cars,S12_3148,CT,97823,BRASIL,Medium
113,10272,27,100,3,4283.01,7/20/2004,Shipped,3,Jul,2004,Classic Cars,S12_3148,PA,70267,BRASIL,Medium
114,10282,27,100,6,4364.82,8/20/2004,Shipped,3,Ago,2004,Classic Cars,S12_3148,CA,97562,BRASIL,Medium
115,10324,27,54.33,1,1466.91,11/5/2004,Shipped,4,Nov,2004,Classic Cars,S12_3148,NY,10022,BRASIL,Small
116,10382,37,100,11,4071.85,2/17/2005,Shipped,1,Feb,2005,Classic Cars,S12_3148,CA,97562,BRASIL,Medium
117,10413,47,100,3,8236.75,5/5/2005,Shipped,2,Mai,2005,Classic Cars,S12_3148,CT,97562,BRASIL,Large
118,10135,48,100,5,6031.68,7/2/2003,Shipped,3,Jul,2003,Classic Cars,S12_3380,CA,97562,BRASIL,Medium
119,10147,31,100,5,3494.94,9/5/2003,Shipped,3,Sep,2003,Classic Cars,S12_3380,MA,58339,BRASIL,Medium
120,10160,46,100,6,5294.14,10/11/2003,Shipped,4,Oct,2003,Classic Cars,S12_3380,CA,,BRASIL,Medium
121,10276,47,100,1,5464.69,8/2/2004,Shipped,3,Ago,2004,Classic Cars,S12_3380,MA,58339,BRASIL,Medium
122,10329,46,83.63,13,3846.98,11/15/2004,Shipped,4,Nov,2004,Classic Cars,S12_3380,NY,10022,BRASIL,Medium
123,10376,35,100,1,3987.2,2/8/2005,Shipped,1,Feb,2005,Classic Cars,S12_3380,CA,92561,BRASIL,Medium
124,10127,42,100,1,8138.76,6/3/2003,Shipped,2,Jun,2003,Classic Cars,S12_3891,NY,10022,BRASIL,Large
125,10142,46,100,11,9470.94,8/8/2003,Shipped,3,Ago,2003,Classic Cars,S12_3891,CA,97562,BRASIL,Large
126,10185,43,100,12,7886.2,11/14/2003,Shipped,4,Nov,2003,Classic Cars,S12_3891,MA,50553,BRASIL,Large
127,10196,38,100,4,7232.16,11/26/2003,Shipped,4,Nov,2003,Classic Cars,S12_3891,CT,97823,BRASIL,Large
128,10272,39,100,1,7962.24,7/20/2004,Shipped,3,Jul,2004,Classic Cars,S12_3891,PA,70267,BRASIL,Large
129,10282,24,100,4,3778.8,8/20/2004,Shipped,3,Ago,2004,Classic Cars,S12_3891,CA,97562,BRASIL,Medium
130,10349,26,100,10,4408.56,12/1/2004,Shipped,4,Dec,2004,Classic Cars,S12_3891,NY,10022,BRASIL,Medium
131,10382,34,95.35,12,3241.9,2/17/2005,Shipped,1,Feb,2005,Classic Cars,S12_3891,CA,97562,BRASIL,Medium
132,10396,33,100,3,6109.29,3/23/2005,Shipped,1,Mar,2005,Classic Cars,S12_3891,CA,97562,BRASIL,Medium
133,10413,22,100,1,3387.78,5/5/2005,Shipped,2,Mai,2005,Classic Cars,S12_3891,CT,97562,BRASIL,Medium
134,10135,24,75.01,8,1800.24,7/2/2003,Shipped,3,Jul,2003,Classic Cars,S12_3990,CA,97562,BRASIL,Small
135,10147,21,63.84,8,1340.64,9/5/2003,Shipped,3,Sep,2003,Classic Cars,S12_3990,MA,58339,BRASIL,Small
136,10159,24,73.42,3,1762.08,10/10/2003,Shipped,4,Oct,2003,Classic Cars,S12_3990,CA,,BRASIL,Small
137,10276,38,83.79,4,3184.02,8/2/2004,Shipped,3,Ago,2004,Classic Cars,S12_3990,MA,58339,BRASIL,Medium
138,10329,33,100,14,3607.56,11/15/2004,Shipped,4,Nov,2004,Classic Cars,S12_3990,NY,10022,BRASIL,Medium
139,10115,46,100,5,5723.78,4/4/2003,Shipped,2,Apr,2003,Trucks and Buses,S12_4473,NY,10022,BRASIL,Medium
140,10127,24,100,11,2559.6,6/3/2003,Shipped,2,Jun,2003,Trucks and Buses,S12_4473,NY,10022,BRASIL,Small
141,10195,49,100,6,6445.46,11/25/2003,Shipped,4,Nov,2003,Trucks and Buses,S12_4473,NY,24067,BRASIL,Medium
142,10207,34,99.54,7,3384.36,12/9/2003,Shipped,4,Dec,2003,Trucks and Buses,S12_4473,MA,51003,BRASIL,Medium
143,10219,48,100,2,4891.68,2/10/2004,Shipped,1,Feb,2004,Trucks and Buses,S12_4473,CA,94217,BRASIL,Medium
144,10229,36,100,1,4521.96,3/11/2004,Shipped,1,Mar,2004,Trucks and Buses,S12_4473,CA,97562,BRASIL,Medium
145,10271,31,97.17,5,3012.27,7/20/2004,Shipped,3,Jul,2004,Trucks and Buses,S12_4473,CA,97562,BRASIL,Medium
146,10281,41,100,1,5247.18,8/19/2004,Shipped,3,Ago,2004,Trucks and Buses,S12_4473,PA,70267,BRASIL,Medium
147,10292,21,100,8,2214.87,9/8/2004,Shipped,3,Sep,2004,Trucks and Buses,S12_4473,NY,10022,BRASIL,Small
148,10305,38,100,5,4773.18,10/13/2004,Shipped,4,Oct,2004,Trucks and Buses,S12_4473,MA,51247,BRASIL,Medium
149,10324,26,58.38,7,1517.88,11/5/2004,Shipped,4,Nov,2004,Trucks and Buses,S12_4473,NY,10022,BRASIL,Small
150,10349,48,100,9,5232.96,12/1/2004,Shipped,4,Dec,2004,Trucks and Buses,S12_4473,NY,10022,BRASIL,Medium
151,10371,49,35.71,4,1749.79,1/23/2005,Shipped,1,Jan,2005,Trucks and Buses,S12_4473,CA,97562,BRASIL,Small
152,10382,32,66.58,13,2130.56,2/17/2005,Shipped,1,Feb,2005,Trucks and Buses,S12_4473,CA,97562,BRASIL,Small
153,10135,29,97.89,4,2838.81,7/2/2003,Shipped,3,Jul,2003,Classic Cars,S12_4675,CA,97562,BRASIL,Small
154,10147,33,97.89,4,3230.37,9/5/2003,Shipped,3,Sep,2003,Classic Cars,S12_4675,MA,58339,BRASIL,Medium
155,10160,50,100,5,5182,10/11/2003,Shipped,4,Oct,2003,Classic Cars,S12_4675,CA,,BRASIL,Medium
156,10192,27,100,16,3544.56,11/20/2003,Shipped,4,Nov,2003,Classic Cars,S12_4675,NH,62005,BRASIL,Medium
157,10321,24,100,15,2984.88,11/4/2004,Shipped,4,Nov,2004,Classic Cars,S12_4675,MA,50553,BRASIL,Small
158,10329,39,64.74,15,2524.86,11/15/2004,Shipped,4,Nov,2004,Classic Cars,S12_4675,NY,10022,BRASIL,Small
159,10113,49,100,4,4916.66,3/26/2003,Shipped,1,Mar,2003,Trucks and Buses,S18_1097,CA,97562,BRASIL,Medium
160,10140,32,100,10,4181.44,7/24/2003,Shipped,3,Jul,2003,Trucks and Buses,S18_1097,CA,94217,BRASIL,Medium
161,10183,21,96.84,7,2033.64,11/13/2003,Shipped,4,Nov,2003,Trucks and Buses,S18_1097,PA,71270,BRASIL,Small
162,10215,46,100,2,5152,1/29/2004,Shipped,1,Jan,2004,Trucks and Buses,S18_1097,CA,94019,BRASIL,Medium
163,10228,32,100,1,3360,3/10/2004,Shipped,1,Mar,2004,Trucks and Buses,S18_1097,MA,51247,BRASIL,Medium
164,10245,29,100,8,3451,5/4/2004,Shipped,2,Mai,2004,Trucks and Buses,S18_1097,CT,97823,BRASIL,Medium
165,10312,32,100,2,4181.44,10/21/2004,Shipped,4,Oct,2004,Trucks and Buses,S18_1097,CA,97562,BRASIL,Medium
166,10322,22,100,10,2251.04,11/4/2004,Shipped,4,Nov,2004,Trucks and Buses,S18_1097,NH,62005,BRASIL,Small
167,10333,29,40.25,7,1167.25,11/18/2004,Shipped,4,Nov,2004,Trucks and Buses,S18_1097,CA,,BRASIL,Small
168,10357,39,98,1,3822,12/10/2004,Shipped,4,Dec,2004,Trucks and Buses,S18_1097,CA,97562,BRASIL,Medium
169,10381,48,98,2,4704,2/17/2005,Shipped,1,Feb,2005,Trucks and Buses,S18_1097,CA,,BRASIL,Medium
170,10109,26,100,4,4379.18,3/10/2003,Shipped,1,Mar,2003,Classic Cars,S18_1129,PA,71270,BRASIL,Medium
171,10192,22,100,11,3300.66,11/20/2003,Shipped,4,Nov,2003,Classic Cars,S18_1129,NH,62005,BRASIL,Medium
172,10204,42,100,17,6182.4,12/2/2003,Shipped,4,Dec,2003,Classic Cars,S18_1129,NY,10022,BRASIL,Medium
173,10278,34,100,6,4667.86,8/6/2004,Shipped,3,Ago,2004,Classic Cars,S18_1129,NV,83030,BRASIL,Medium
174,10321,41,100,10,5803.14,11/4/2004,Shipped,4,Nov,2004,Classic Cars,S18_1129,MA,50553,BRASIL,Medium
175,10331,46,100,6,6434.02,11/17/2004,Shipped,4,Nov,2004,Classic Cars,S18_1129,PA,71270,BRASIL,Medium
176,10365,30,87.06,1,2611.8,1/7/2005,Shipped,1,Jan,2005,Classic Cars,S18_1129,MA,50553,BRASIL,Small
177,10390,36,93.77,14,3375.72,3/4/2005,Shipped,1,Mar,2005,Classic Cars,S18_1129,CA,97562,BRASIL,Medium
178,10102,39,100,2,4808.31,1/10/2003,Shipped,1,Jan,2003,Vintage Cars,S18_1342,NY,10022,BRASIL,Medium
179,10111,33,99.66,6,3288.78,3/25/2003,Shipped,1,Mar,2003,Vintage Cars,S18_1342,CA,,BRASIL,Medium
180,10149,50,100,4,5907.5,9/12/2003,Shipped,3,Sep,2003,Vintage Cars,S18_1342,CA,94217,BRASIL,Medium
181,10162,48,91.44,2,4389.12,10/18/2003,Shipped,4,Oct,2003,Vintage Cars,S18_1342,CA,,BRASIL,Medium
182,10182,25,87.33,3,2183.25,11/12/2003,Shipped,4,Nov,2003,Vintage Cars,S18_1342,CA,97562,BRASIL,Small
183,10215,27,89.38,10,2413.26,1/29/2004,Shipped,1,Jan,2004,Vintage Cars,S18_1342,CA,94019,BRASIL,Small
184,10312,43,89.38,10,3843.34,10/21/2004,Shipped,4,Oct,2004,Vintage Cars,S18_1342,CA,97562,BRASIL,Medium
185,10322,43,86.3,14,3710.9,11/4/2004,Shipped,4,Nov,2004,Vintage Cars,S18_1342,NH,62005,BRASIL,Medium
186,10346,42,36.11,3,1516.62,11/29/2004,Shipped,4,Nov,2004,Vintage Cars,S18_1342,NV,83030,BRASIL,Small
187,10369,44,100,8,9240.44,1/20/2005,Shipped,1,Jan,2005,Vintage Cars,S18_1342,MA,58339,BRASIL,Large
188,10422,51,95.55,2,4873.05,5/30/2005,In Process,2,Mai,2005,Vintage Cars,S18_1342,PA,70267,BRASIL,Medium
189,10102,41,50.14,1,2055.74,1/10/2003,Shipped,1,Jan,2003,Vintage Cars,S18_1367,NY,10022,BRASIL,Small
190,10111,48,49.06,5,2354.88,3/25/2003,Shipped,1,Mar,2003,Vintage Cars,S18_1367,CA,,BRASIL,Small
191,10149,30,58.22,3,1746.6,9/12/2003,Shipped,3,Sep,2003,Vintage Cars,S18_1367,CA,94217,BRASIL,Small
192,10162,45,51.21,1,2304.45,10/18/2003,Shipped,4,Oct,2003,Vintage Cars,S18_1367,CA,,BRASIL,Small
193,10182,32,54.45,2,1742.4,11/12/2003,Shipped,4,Nov,2003,Vintage Cars,S18_1367,CA,97562,BRASIL,Small
194,10215,33,43.13,9,1423.29,1/29/2004,Shipped,1,Jan,2004,Vintage Cars,S18_1367,CA,94019,BRASIL,Small
195,10312,25,44.21,9,1105.25,10/21/2004,Shipped,4,Oct,2004,Vintage Cars,S18_1367,CA,97562,BRASIL,Small
196,10322,41,57.68,5,2364.88,11/4/2004,Shipped,4,Nov,2004,Vintage Cars,S18_1367,NH,62005,BRASIL,Small
197,10369,32,98.63,7,3156.16,1/20/2005,Shipped,1,Jan,2005,Vintage Cars,S18_1367,MA,58339,BRASIL,Medium
198,10381,25,52.83,9,1320.75,2/17/2005,Shipped,1,Feb,2005,Vintage Cars,S18_1367,CA,,BRASIL,Small
199,10422,25,51.75,1,1293.75,5/30/2005,In Process,2,Mai,2005,Vintage Cars,S18_1367,PA,70267,BRASIL,Small
200,10172,42,100,6,4965.24,11/5/2003,Shipped,4,Nov,2003,Classic Cars,S18_1589,CT,97562,BRASIL,Medium
201,10192,29,100,7,4258.36,11/20/2003,Shipped,4,Nov,2003,Classic Cars,S18_1589,NH,62005,BRASIL,Medium
202,10204,40,100,13,4032,12/2/2003,Shipped,4,Dec,2003,Classic Cars,S18_1589,NY,10022,BRASIL,Medium
203,10226,38,100,4,4161.38,2/26/2004,Shipped,1,Feb,2004,Classic Cars,S18_1589,CA,91217,BRASIL,Medium
204,10278,23,100,2,2604.52,8/6/2004,Shipped,3,Ago,2004,Classic Cars,S18_1589,NV,83030,BRASIL,Small
205,10321,44,100,6,4489.76,11/4/2004,Shipped,4,Nov,2004,Classic Cars,S18_1589,MA,50553,BRASIL,Medium
206,10331,44,100,14,4849.24,11/17/2004,Shipped,4,Nov,2004,Classic Cars,S18_1589,PA,71270,BRASIL,Medium
207,10367,49,56.3,1,2758.7,1/12/2005,Resolved,1,Jan,2005,Classic Cars,S18_1589,CA,90003,BRASIL,Small
208,10407,59,100,11,7048.14,4/22/2005,On Hold,2,Apr,2005,Classic Cars,S18_1589,CA,94217,BRASIL,Large
209,10131,21,100,4,2781.66,6/16/2003,Shipped,2,Jun,2003,Planes,S18_1662,CT,97561,BRASIL,Small
210,10143,32,100,7,5248,8/10/2003,Shipped,3,Ago,2003,Planes,S18_1662,MA,50553,BRASIL,Medium
211,10222,49,100,4,6954.08,2/19/2004,Shipped,1,Feb,2004,Planes,S18_1662,CA,91217,BRASIL,Medium
212,10250,45,100,14,8160.3,5/11/2004,Shipped,2,Mai,2004,Planes,S18_1662,CA,94217,BRASIL,Large
213,10274,41,100,1,6724,7/21/2004,Shipped,3,Jul,2004,Planes,S18_1662,MA,58339,BRASIL,Medium
214,10307,39,100,1,7379.97,10/14/2004,Shipped,4,Oct,2004,Planes,S18_1662,PA,71270,BRASIL,Large
215,10400,34,100,1,6433.82,4/1/2005,Shipped,2,Apr,2005,Planes,S18_1662,CA,94217,BRASIL,Medium
216,10100,30,100,3,5151,1/6/2003,Shipped,1,Jan,2003,Vintage Cars,S18_1749,NH,62005,BRASIL,Medium
217,10124,21,100,6,2856,5/21/2003,Shipped,2,Mai,2003,Vintage Cars,S18_1749,NV,83030,BRASIL,Small
218,10149,34,100,11,5375.4,9/12/2003,Shipped,3,Sep,2003,Vintage Cars,S18_1749,CA,94217,BRASIL,Medium
219,10162,29,100,9,5176.5,10/18/2003,Shipped,4,Oct,2003,Vintage Cars,S18_1749,CA,,BRASIL,Medium
220,10182,44,100,10,7554.8,11/12/2003,Shipped,4,Nov,2003,Vintage Cars,S18_1749,CA,97562,BRASIL,Large
221,10204,33,100,4,5890.5,12/2/2003,Shipped,4,Dec,2003,Vintage Cars,S18_1749,NY,10022,BRASIL,Medium
222,10312,48,100,17,8078.4,10/21/2004,Shipped,4,Oct,2004,Vintage Cars,S18_1749,CA,97562,BRASIL,Large
223,10331,44,74.04,7,3257.76,11/17/2004,Shipped,4,Nov,2004,Vintage Cars,S18_1749,PA,71270,BRASIL,Medium
224,10367,37,100,3,4703.81,1/12/2005,Resolved,1,Jan,2005,Vintage Cars,S18_1749,CA,90003,BRASIL,Medium
225,10407,76,100,2,14082.8,4/22/2005,On Hold,2,Apr,2005,Vintage Cars,S18_1749,CA,94217,BRASIL,Large
226,10135,48,79.31,3,3806.88,7/2/2003,Shipped,3,Jul,2003,Classic Cars,S18_1889,CA,97562,BRASIL,Medium
227,10147,26,82.39,3,2142.14,9/5/2003,Shipped,3,Sep,2003,Classic Cars,S18_1889,MA,58339,BRASIL,Small
228,10160,38,88.55,4,3364.9,10/11/2003,Shipped,4,Oct,2003,Classic Cars,S18_1889,CA,,BRASIL,Medium
229,10192,45,90.86,15,4088.7,11/20/2003,Shipped,4,Nov,2003,Classic Cars,S18_1889,NH,62005,BRASIL,Medium
230,10278,29,90.86,10,2634.94,8/6/2004,Shipped,3,Ago,2004,Classic Cars,S18_1889,NV,83030,BRASIL,Small
231,10321,37,78.54,14,2905.98,11/4/2004,Shipped,4,Nov,2004,Classic Cars,S18_1889,MA,50553,BRASIL,Small
232,10329,29,100,9,2954.81,11/15/2004,Shipped,4,Nov,2004,Classic Cars,S18_1889,NY,10022,BRASIL,Small
233,10109,38,100,3,4432.7,3/10/2003,Shipped,1,Mar,2003,Classic Cars,S18_1984,PA,71270,BRASIL,Medium
234,10192,47,100,10,7421.3,11/20/2003,Shipped,4,Nov,2003,Classic Cars,S18_1984,NH,62005,BRASIL,Large
235,10204,38,100,16,6432.64,12/2/2003,Shipped,4,Dec,2003,Classic Cars,S18_1984,NY,10022,BRASIL,Medium
236,10226,24,100,7,3892.08,2/26/2004,Shipped,1,Feb,2004,Classic Cars,S18_1984,CA,91217,BRASIL,Medium
237,10278,29,100,5,3754.05,8/6/2004,Shipped,3,Ago,2004,Classic Cars,S18_1984,NV,83030,BRASIL,Medium
238,10321,25,100,9,3734,11/4/2004,Shipped,4,Nov,2004,Classic Cars,S18_1984,MA,50553,BRASIL,Medium
239,10331,30,32.47,8,974.1,11/17/2004,Shipped,4,Nov,2004,Classic Cars,S18_1984,PA,71270,BRASIL,Small
240,10390,34,43.05,15,1463.7,3/4/2005,Shipped,1,Mar,2005,Classic Cars,S18_1984,CA,97562,BRASIL,Small
241,10115,46,100,4,7381.16,4/4/2003,Shipped,2,Apr,2003,Classic Cars,S18_2238,NY,10022,BRASIL,Large
242,10127,45,100,10,7146.9,6/3/2003,Shipped,2,Jun,2003,Classic Cars,S18_2238,NY,10022,BRASIL,Large
243,10195,27,100,5,5128.11,11/25/2003,Shipped,4,Nov,2003,Classic Cars,S18_2238,NY,24067,BRASIL,Medium
244,10207,44,100,6,7060.24,12/9/2003,Shipped,4,Dec,2003,Classic Cars,S18_2238,MA,51003,BRASIL,Large
245,10219,43,100,1,8448.64,2/10/2004,Shipped,1,Feb,2004,Classic Cars,S18_2238,CA,94217,BRASIL,Large
246,10271,50,100,4,9169,7/20/2004,Shipped,3,Jul,2004,Classic Cars,S18_2238,CA,97562,BRASIL,Large
247,10282,23,100,13,3238.63,8/20/2004,Shipped,3,Ago,2004,Classic Cars,S18_2238,CA,97562,BRASIL,Medium
248,10292,26,100,7,4554.94,9/8/2004,Shipped,3,Sep,2004,Classic Cars,S18_2238,NY,10022,BRASIL,Medium
249,10305,27,100,4,3934.44,10/13/2004,Shipped,4,Oct,2004,Classic Cars,S18_2238,MA,51247,BRASIL,Medium
250,10324,47,100,8,7207.45,11/5/2004,Shipped,4,Nov,2004,Classic Cars,S18_2238,NY,10022,BRASIL,Large
251,10349,38,100,8,6719.54,12/1/2004,Shipped,4,Dec,2004,Classic Cars,S18_2238,NY,10022,BRASIL,Medium
252,10371,25,100,7,2602.25,1/23/2005,Shipped,1,Jan,2005,Classic Cars,S18_2238,CA,97562,BRASIL,Small
253,10382,25,88,5,2200,2/17/2005,Shipped,1,Feb,2005,Classic Cars,S18_2238,CA,97562,BRASIL,Small
254,10100,50,67.8,2,3390,1/6/2003,Shipped,1,Jan,2003,Vintage Cars,S18_2248,NH,62005,BRASIL,Medium
255,10124,42,53.88,5,2262.96,5/21/2003,Shipped,2,Mai,2003,Vintage Cars,S18_2248,NV,83030,BRASIL,Small
256,10149,24,62.36,10,1496.64,9/12/2003,Shipped,3,Sep,2003,Vintage Cars,S18_2248,CA,94217,BRASIL,Small
257,10162,27,69.62,8,1879.74,10/18/2003,Shipped,4,Oct,2003,Vintage Cars,S18_2248,CA,,BRASIL,Small
258,10182,38,61.15,9,2323.7,11/12/2003,Shipped,4,Nov,2003,Vintage Cars,S18_2248,CA,97562,BRASIL,Small
259,10204,23,71.44,3,1643.12,12/2/2003,Shipped,4,Dec,2003,Vintage Cars,S18_2248,NY,10022,BRASIL,Small
260,10312,30,61.15,16,1834.5,10/21/2004,Shipped,4,Oct,2004,Vintage Cars,S18_2248,CA,97562,BRASIL,Small
261,10367,45,100,4,8884.8,1/12/2005,Resolved,1,Jan,2005,Vintage Cars,S18_2248,CA,90003,BRASIL,Large
262,10407,42,72.65,1,3051.3,4/22/2005,On Hold,2,Apr,2005,Vintage Cars,S18_2248,CA,94217,BRASIL,Medium
263,10127,45,100,14,6295.95,6/3/2003,Shipped,2,Jun,2003,Trucks and Buses,S18_2319,NY,10022,BRASIL,Medium
264,10195,35,100,9,3608.15,11/25/2003,Shipped,4,Nov,2003,Trucks and Buses,S18_2319,NY,24067,BRASIL,Medium
265,10207,43,100,10,5752.54,12/9/2003,Shipped,4,Dec,2003,Trucks and Buses,S18_2319,MA,51003,BRASIL,Medium
266,10229,26,100,4,3765.32,3/11/2004,Shipped,1,Mar,2004,Trucks and Buses,S18_2319,CA,97562,BRASIL,Medium
267,10271,50,100,8,5093.5,7/20/2004,Shipped,3,Jul,2004,Trucks and Buses,S18_2319,CA,97562,BRASIL,Medium
268,10281,48,100,4,5773.44,8/19/2004,Shipped,3,Ago,2004,Trucks and Buses,S18_2319,PA,70267,BRASIL,Medium
269,10292,41,100,11,4528.86,9/8/2004,Shipped,3,Sep,2004,Trucks and Buses,S18_2319,NY,10022,BRASIL,Medium
270,10305,36,100,8,4816.08,10/13/2004,Shipped,4,Oct,2004,Trucks and Buses,S18_2319,MA,51247,BRASIL,Medium
271,10324,33,37.48,10,1236.84,11/5/2004,Shipped,4,Nov,2004,Trucks and Buses,S18_2319,NY,10022,BRASIL,Small
272,10349,38,100,7,5223.48,12/1/2004,Shipped,4,Dec,2004,Trucks and Buses,S18_2319,NY,10022,BRASIL,Medium
273,10124,42,100,3,4431.84,5/21/2003,Shipped,2,Mai,2003,Vintage Cars,S18_2325,NV,83030,BRASIL,Medium
274,10149,33,100,8,4950.33,9/12/2003,Shipped,3,Sep,2003,Vintage Cars,S18_2325,CA,94217,BRASIL,Medium
275,10162,38,100,6,4299.7,10/18/2003,Shipped,4,Oct,2003,Vintage Cars,S18_2325,CA,,BRASIL,Medium
276,10182,20,100,7,2212,11/12/2003,Shipped,4,Nov,2003,Vintage Cars,S18_2325,CA,97562,BRASIL,Small
277,10204,26,100,1,3206.32,12/2/2003,Shipped,4,Dec,2003,Vintage Cars,S18_2325,NY,10022,BRASIL,Medium
278,10243,47,100,2,6154.18,4/26/2004,Shipped,2,Apr,2004,Vintage Cars,S18_2325,MA,51003,BRASIL,Medium
279,10312,31,100,14,4729.36,10/21/2004,Shipped,4,Oct,2004,Vintage Cars,S18_2325,CA,97562,BRASIL,Medium
280,10322,50,100,6,12536.5,11/4/2004,Shipped,4,Nov,2004,Vintage Cars,S18_2325,NH,62005,BRASIL,Large
281,10367,27,100,5,4196.07,1/12/2005,Resolved,1,Jan,2005,Vintage Cars,S18_2325,CA,90003,BRASIL,Medium
282,10390,31,98.99,16,3068.69,3/4/2005,Shipped,1,Mar,2005,Vintage Cars,S18_2325,CA,97562,BRASIL,Medium
283,10140,46,61.99,2,2851.54,7/24/2003,Shipped,3,Jul,2003,Trucks and Buses,S18_2432,CA,94217,BRASIL,Small
284,10207,37,69.89,13,2585.93,12/9/2003,Shipped,4,Dec,2003,Trucks and Buses,S18_2432,MA,51003,BRASIL,Small
285,10229,28,59.55,7,1667.4,3/11/2004,Shipped,1,Mar,2004,Trucks and Buses,S18_2432,CA,97562,BRASIL,Small
286,10271,25,69.28,11,1732,7/20/2004,Shipped,3,Jul,2004,Trucks and Buses,S18_2432,CA,97562,BRASIL,Small
287,10281,29,57.73,7,1674.17,8/19/2004,Shipped,3,Ago,2004,Trucks and Buses,S18_2432,PA,70267,BRASIL,Small
288,10305,41,53.48,11,2192.68,10/13/2004,Shipped,4,Oct,2004,Trucks and Buses,S18_2432,MA,51247,BRASIL,Small
289,10322,35,61.21,11,2142.35,11/4/2004,Shipped,4,Nov,2004,Trucks and Buses,S18_2432,NH,62005,BRASIL,Small
290,10357,41,61.99,7,2541.59,12/10/2004,Shipped,4,Dec,2004,Trucks and Buses,S18_2432,CA,97562,BRASIL,Small
291,10381,35,48.62,7,1701.7,2/17/2005,Shipped,1,Feb,2005,Trucks and Buses,S18_2432,CA,,BRASIL,Small
292,10145,30,85.32,14,2559.6,8/25/2003,Shipped,3,Ago,2003,Planes,S18_2581,CA,90003,BRASIL,Small
293,10168,21,70.96,9,1490.16,10/28/2003,Shipped,4,Oct,2003,Planes,S18_2581,CA,94217,BRASIL,Small
294,10250,27,98.84,4,2668.68,5/11/2004,Shipped,2,Mai,2004,Planes,S18_2581,CA,94217,BRASIL,Small
295,10263,33,86.17,10,2843.61,6/28/2004,Shipped,2,Jun,2004,Planes,S18_2581,CT,97562,BRASIL,Small
296,10308,27,82.79,7,2235.33,10/15/2004,Shipped,4,Oct,2004,Planes,S18_2581,NY,24067,BRASIL,Small
297,10318,31,100,9,3116.43,11/2/2004,Shipped,4,Nov,2004,Planes,S18_2581,PA,70267,BRASIL,Medium
298,10353,27,100,1,3515.67,12/4/2004,Shipped,4,Dec,2004,Planes,S18_2581,CT,97561,BRASIL,Medium
299,10401,42,76.03,3,3193.26,4/3/2005,On Hold,2,Apr,2005,Planes,S18_2581,NJ,94019,BRASIL,Medium
300,10107,29,70.87,6,2055.23,2/24/2003,Shipped,1,Feb,2003,Motorcycles,S18_2625,NY,10022,BRASIL,Small
301,10145,30,49.67,10,1490.1,8/25/2003,Shipped,3,Ago,2003,Motorcycles,S18_2625,CA,90003,BRASIL,Small
302,10159,42,51.48,18,2162.16,10/10/2003,Shipped,4,Oct,2003,Motorcycles,S18_2625,CA,,BRASIL,Small
303,10168,46,61.18,5,2814.28,10/28/2003,Shipped,4,Oct,2003,Motorcycles,S18_2625,CA,94217,BRASIL,Small
304,10201,30,64.81,6,1944.3,12/1/2003,Shipped,4,Dec,2003,Motorcycles,S18_2625,CA,,BRASIL,Small
305,10236,23,55.72,2,1281.56,4/3/2004,Shipped,2,Apr,2004,Motorcycles,S18_2625,PA,71270,BRASIL,Small
306,10251,29,61.18,6,1774.22,5/18/2004,Shipped,2,Mai,2004,Motorcycles,S18_2625,NJ,94019,BRASIL,Small
307,10263,34,58.75,6,1997.5,6/28/2004,Shipped,2,Jun,2004,Motorcycles,S18_2625,CT,97562,BRASIL,Small
308,10285,20,49.06,10,981.2,8/27/2004,Shipped,3,Ago,2004,Motorcycles,S18_2625,MA,51247,BRASIL,Small
309,10308,34,52.09,3,1771.06,10/15/2004,Shipped,4,Oct,2004,Motorcycles,S18_2625,NY,24067,BRASIL,Small
310,10318,42,52.7,5,2213.4,11/2/2004,Shipped,4,Nov,2004,Motorcycles,S18_2625,PA,70267,BRASIL,Small
311,10329,38,100,12,5266.04,11/15/2004,Shipped,4,Nov,2004,Motorcycles,S18_2625,NY,10022,BRASIL,Medium
312,10362,23,49.67,3,1142.41,1/5/2005,Shipped,1,Jan,2005,Motorcycles,S18_2625,CA,94217,BRASIL,Small
313,10149,23,100,5,4230.62,9/12/2003,Shipped,3,Sep,2003,Vintage Cars,S18_2795,CA,94217,BRASIL,Medium
314,10162,48,100,3,7209.12,10/18/2003,Shipped,4,Oct,2003,Vintage Cars,S18_2795,CA,,BRASIL,Large
315,10182,21,100,4,3047.73,11/12/2003,Shipped,4,Nov,2003,Vintage Cars,S18_2795,CA,97562,BRASIL,Medium
316,10312,25,100,11,3881.25,10/21/2004,Shipped,4,Oct,2004,Vintage Cars,S18_2795,CA,97562,BRASIL,Medium
317,10322,36,100,2,5797.44,11/4/2004,Shipped,4,Nov,2004,Vintage Cars,S18_2795,NH,62005,BRASIL,Medium
318,10367,32,94.79,7,3033.28,1/12/2005,Resolved,1,Jan,2005,Vintage Cars,S18_2795,CA,90003,BRASIL,Medium
319,10390,26,78.11,7,2030.86,3/4/2005,Shipped,1,Mar,2005,Vintage Cars,S18_2795,CA,97562,BRASIL,Small
320,10421,35,100,1,5433.75,5/29/2005,In Process,2,Mai,2005,Vintage Cars,S18_2795,CA,97562,BRASIL,Medium
321,10109,26,100,1,3157.44,3/10/2003,Shipped,1,Mar,2003,Classic Cars,S18_2870,PA,71270,BRASIL,Medium
322,10172,39,100,7,6023.16,11/5/2003,Shipped,4,Nov,2003,Classic Cars,S18_2870,CT,97562,BRASIL,Medium
323,10192,38,100,8,4965.84,11/20/2003,Shipped,4,Nov,2003,Classic Cars,S18_2870,NH,62005,BRASIL,Medium
324,10204,27,100,14,4169.88,12/2/2003,Shipped,4,Dec,2003,Classic Cars,S18_2870,NY,10022,BRASIL,Medium
325,10226,24,100,5,3231.36,2/26/2004,Shipped,1,Feb,2004,Classic Cars,S18_2870,CA,91217,BRASIL,Medium
326,10278,39,100,3,4324.32,8/6/2004,Shipped,3,Ago,2004,Classic Cars,S18_2870,NV,83030,BRASIL,Medium
327,10321,27,100,7,2851.2,11/4/2004,Shipped,4,Nov,2004,Classic Cars,S18_2870,MA,50553,BRASIL,Small
328,10331,26,64.9,10,1687.4,11/17/2004,Shipped,4,Nov,2004,Classic Cars,S18_2870,PA,71270,BRASIL,Small
329,10407,41,100,12,6386.16,4/22/2005,On Hold,2,Apr,2005,Classic Cars,S18_2870,CA,94217,BRASIL,Medium
330,10163,31,100,2,3329.09,10/20/2003,Shipped,4,Oct,2003,Vintage Cars,S18_2949,NY,10022,BRASIL,Medium
331,10183,37,89.15,9,3298.55,11/13/2003,Shipped,4,Nov,2003,Vintage Cars,S18_2949,PA,71270,BRASIL,Medium
332,10215,49,100,4,5510.05,1/29/2004,Shipped,1,Jan,2004,Vintage Cars,S18_2949,CA,94019,BRASIL,Medium
333,10228,24,100,3,2504.4,3/10/2004,Shipped,1,Mar,2004,Vintage Cars,S18_2949,MA,51247,BRASIL,Small
334,10257,50,88.14,1,4407,6/14/2004,Shipped,2,Jun,2004,Vintage Cars,S18_2949,CA,94217,BRASIL,Medium
335,10312,37,100,4,3711.1,10/21/2004,Shipped,4,Oct,2004,Vintage Cars,S18_2949,CA,97562,BRASIL,Medium
336,10322,33,100,12,3524.73,11/4/2004,Shipped,4,Nov,2004,Vintage Cars,S18_2949,NH,62005,BRASIL,Medium
337,10333,31,90.17,5,2795.27,11/18/2004,Shipped,4,Nov,2004,Vintage Cars,S18_2949,CA,,BRASIL,Small
338,10357,41,87.13,6,3572.33,12/10/2004,Shipped,4,Dec,2004,Vintage Cars,S18_2949,CA,97562,BRASIL,Medium
339,10369,42,100,1,4581.36,1/20/2005,Shipped,1,Jan,2005,Vintage Cars,S18_2949,MA,58339,BRASIL,Medium
340,10381,41,100,8,4319.76,2/17/2005,Shipped,1,Feb,2005,Vintage Cars,S18_2949,CA,,BRASIL,Medium
341,10111,28,64.33,2,1801.24,3/25/2003,Shipped,1,Mar,2003,Vintage Cars,S18_2957,CA,,BRASIL,Small
342,10163,48,69.96,4,3358.08,10/20/2003,Shipped,4,Oct,2003,Vintage Cars,S18_2957,NY,10022,BRASIL,Medium
343,10183,39,68.08,11,2655.12,11/13/2003,Shipped,4,Nov,2003,Vintage Cars,S18_2957,PA,71270,BRASIL,Small
344,10215,31,58.71,6,1820.01,1/29/2004,Shipped,1,Jan,2004,Vintage Cars,S18_2957,CA,94019,BRASIL,Small
345,10228,45,63.71,5,2866.95,3/10/2004,Shipped,1,Mar,2004,Vintage Cars,S18_2957,MA,51247,BRASIL,Small
346,10257,49,53.72,3,2632.28,6/14/2004,Shipped,2,Jun,2004,Vintage Cars,S18_2957,CA,94217,BRASIL,Small
347,10312,35,53.72,6,1880.2,10/21/2004,Shipped,4,Oct,2004,Vintage Cars,S18_2957,CA,97562,BRASIL,Small
348,10322,41,29.87,13,1224.67,11/4/2004,Shipped,4,Nov,2004,Vintage Cars,S18_2957,NH,62005,BRASIL,Small
349,10357,49,70.58,5,3458.42,12/10/2004,Shipped,4,Dec,2004,Vintage Cars,S18_2957,CA,97562,BRASIL,Medium
350,10369,28,44.21,6,1237.88,1/20/2005,Shipped,1,Jan,2005,Vintage Cars,S18_2957,MA,58339,BRASIL,Small
351,10381,40,68.08,4,2723.2,2/17/2005,Shipped,1,Feb,2005,Vintage Cars,S18_2957,CA,,BRASIL,Small
352,10130,40,96.34,2,3853.6,6/16/2003,Shipped,2,Jun,2003,Ships,S18_3029,MA,58339,BRASIL,Medium
353,10143,46,74.84,13,3442.64,8/10/2003,Shipped,3,Ago,2003,Ships,S18_3029,MA,50553,BRASIL,Medium
354,10209,28,100,6,2817.92,1/9/2004,Shipped,1,Jan,2004,Ships,S18_3029,CA,,BRASIL,Small
355,10222,49,94.62,10,4636.38,2/19/2004,Shipped,1,Feb,2004,Ships,S18_3029,CA,91217,BRASIL,Medium
356,10248,21,73.98,1,1553.58,5/7/2004,Cancelled,2,Mai,2004,Ships,S18_3029,NY,10022,BRASIL,Small
357,10307,31,83.44,7,2586.64,10/14/2004,Shipped,4,Oct,2004,Ships,S18_3029,PA,71270,BRASIL,Small
358,10400,30,74.84,7,2245.2,4/1/2005,Shipped,2,Apr,2005,Ships,S18_3029,CA,94217,BRASIL,Small
359,10414,44,73.98,1,3255.12,5/6/2005,On Hold,2,Mai,2005,Ships,S18_3029,MA,51003,BRASIL,Medium
360,10111,43,100,1,4818.15,3/25/2003,Shipped,1,Mar,2003,Vintage Cars,S18_3136,CA,,BRASIL,Medium
361,10163,40,100,3,4900.8,10/20/2003,Shipped,4,Oct,2003,Vintage Cars,S18_3136,NY,10022,BRASIL,Medium
362,10183,22,100,10,2488.2,11/13/2003,Shipped,4,Nov,2003,Vintage Cars,S18_3136,PA,71270,BRASIL,Small
363,10215,49,100,5,5285.14,1/29/2004,Shipped,1,Jan,2004,Vintage Cars,S18_3136,CA,94019,BRASIL,Medium
364,10228,31,100,4,3181.53,3/10/2004,Shipped,1,Mar,2004,Vintage Cars,S18_3136,MA,51247,BRASIL,Medium
365,10257,37,84.82,2,3138.34,6/14/2004,Shipped,2,Jun,2004,Vintage Cars,S18_3136,CA,94217,BRASIL,Medium
366,10312,38,100,5,4457.02,10/21/2004,Shipped,4,Oct,2004,Vintage Cars,S18_3136,CA,97562,BRASIL,Medium
367,10322,48,47.04,7,2257.92,11/4/2004,Shipped,4,Nov,2004,Vintage Cars,S18_3136,NH,62005,BRASIL,Small
368,10357,44,100,4,5160.76,12/10/2004,Shipped,4,Dec,2004,Vintage Cars,S18_3136,CA,97562,BRASIL,Medium
369,10369,21,94.22,5,1978.62,1/20/2005,Shipped,1,Jan,2005,Vintage Cars,S18_3136,MA,58339,BRASIL,Small
370,10381,35,100,5,4288.2,2/17/2005,Shipped,1,Feb,2005,Vintage Cars,S18_3136,CA,,BRASIL,Medium
371,10142,47,100,8,6034.33,8/8/2003,Shipped,3,Ago,2003,Vintage Cars,S18_3140,CA,97562,BRASIL,Medium
372,10166,43,100,2,6930.74,10/21/2003,Shipped,4,Oct,2003,Vintage Cars,S18_3140,MA,50553,BRASIL,Medium
373,10185,28,100,9,3442.04,11/14/2003,Shipped,4,Nov,2003,Vintage Cars,S18_3140,MA,50553,BRASIL,Medium
374,10196,49,100,1,6893.81,11/26/2003,Shipped,4,Nov,2003,Vintage Cars,S18_3140,CT,97823,BRASIL,Medium
375,10248,32,100,12,3802.56,5/7/2004,Cancelled,2,Mai,2004,Vintage Cars,S18_3140,NY,10022,BRASIL,Medium
376,10282,43,100,1,6695.53,8/20/2004,Shipped,3,Ago,2004,Vintage Cars,S18_3140,CA,97562,BRASIL,Medium
377,10396,33,100,2,5273.73,3/23/2005,Shipped,1,Mar,2005,Vintage Cars,S18_3140,CA,97562,BRASIL,Medium
378,10414,41,100,12,4872.03,5/6/2005,On Hold,2,Mai,2005,Vintage Cars,S18_3140,MA,51003,BRASIL,Medium
379,10109,46,100,5,8257,3/10/2003,Shipped,1,Mar,2003,Classic Cars,S18_3232,PA,71270,BRASIL,Large
380,10127,22,100,15,3837.24,6/3/2003,Shipped,2,Jun,2003,Classic Cars,S18_3232,NY,10022,BRASIL,Medium
381,10160,20,100,1,3996.4,10/11/2003,Shipped,4,Oct,2003,Classic Cars,S18_3232,CA,,BRASIL,Medium
382,10192,26,100,12,3918.46,11/20/2003,Shipped,4,Nov,2003,Classic Cars,S18_3232,NH,62005,BRASIL,Medium
383,10195,50,100,10,7620.5,11/25/2003,Shipped,4,Nov,2003,Classic Cars,S18_3232,NY,24067,BRASIL,Large
384,10207,25,100,11,3937.25,12/9/2003,Shipped,4,Dec,2003,Classic Cars,S18_3232,MA,51003,BRASIL,Medium
385,10229,22,100,5,4172.52,3/11/2004,Shipped,1,Mar,2004,Classic Cars,S18_3232,CA,97562,BRASIL,Medium
386,10271,20,100,9,3928.6,7/20/2004,Shipped,3,Jul,2004,Classic Cars,S18_3232,CA,97562,BRASIL,Medium
387,10278,42,100,7,6401.22,8/6/2004,Shipped,3,Ago,2004,Classic Cars,S18_3232,NV,83030,BRASIL,Medium
388,10281,25,100,5,4191.25,8/19/2004,Shipped,3,Ago,2004,Classic Cars,S18_3232,PA,70267,BRASIL,Medium
389,10292,21,100,12,2844.87,9/8/2004,Shipped,3,Sep,2004,Classic Cars,S18_3232,NY,10022,BRASIL,Small
390,10305,37,100,9,7455.87,10/13/2004,Shipped,4,Oct,2004,Classic Cars,S18_3232,MA,51247,BRASIL,Large
391,10321,33,100,11,5700.09,11/4/2004,Shipped,4,Nov,2004,Classic Cars,S18_3232,MA,50553,BRASIL,Medium
392,10324,27,100,12,3155.49,11/5/2004,Shipped,4,Nov,2004,Classic Cars,S18_3232,NY,10022,BRASIL,Medium
393,10331,27,100,11,4170.69,11/17/2004,Shipped,4,Nov,2004,Classic Cars,S18_3232,PA,71270,BRASIL,Medium
394,10349,48,100,6,7396.8,12/1/2004,Shipped,4,Dec,2004,Classic Cars,S18_3232,NY,10022,BRASIL,Large
395,10142,22,97.81,10,2151.82,8/8/2003,Shipped,3,Ago,2003,Trains,S18_3259,CA,97562,BRASIL,Small
396,10185,49,80.67,11,3952.83,11/14/2003,Shipped,4,Nov,2003,Trains,S18_3259,MA,50553,BRASIL,Medium
397,10196,35,100,3,3564.75,11/26/2003,Shipped,4,Nov,2003,Trains,S18_3259,CT,97823,BRASIL,Medium
398,10248,42,100,14,5082.42,5/7/2004,Cancelled,2,Mai,2004,Trains,S18_3259,NY,10022,BRASIL,Medium
399,10282,36,100,3,4174.92,8/20/2004,Shipped,3,Ago,2004,Trains,S18_3259,CA,97562,BRASIL,Medium
400,10396,24,89.75,4,2154,3/23/2005,Shipped,1,Mar,2005,Trains,S18_3259,CA,97562,BRASIL,Small
401,10414,48,100,14,5808.48,5/6/2005,On Hold,2,Mai,2005,Trains,S18_3259,MA,51003,BRASIL,Medium
402,10135,45,78,10,3510,7/2/2003,Shipped,3,Jul,2003,Classic Cars,S18_3278,CA,97562,BRASIL,Medium
403,10147,36,86.04,10,3097.44,9/5/2003,Shipped,3,Sep,2003,Classic Cars,S18_3278,MA,58339,BRASIL,Medium
404,10159,21,81.21,5,1705.41,10/10/2003,Shipped,4,Oct,2003,Classic Cars,S18_3278,CA,,BRASIL,Small
405,10276,38,69.96,6,2658.48,8/2/2004,Shipped,3,Ago,2004,Classic Cars,S18_3278,MA,58339,BRASIL,Small
406,10319,46,73.98,1,3403.08,11/3/2004,Shipped,4,Nov,2004,Classic Cars,S18_3278,NY,10022,BRASIL,Medium
407,10329,38,59.1,10,2245.8,11/15/2004,Shipped,4,Nov,2004,Classic Cars,S18_3278,NY,10022,BRASIL,Small
408,10390,40,100,9,5491.6,3/4/2005,Shipped,1,Mar,2005,Classic Cars,S18_3278,CA,97562,BRASIL,Medium
409,10111,39,100,4,4178.85,3/25/2003,Shipped,1,Mar,2003,Vintage Cars,S18_3320,CA,,BRASIL,Medium
410,10149,42,94.25,2,3958.5,9/12/2003,Shipped,3,Sep,2003,Vintage Cars,S18_3320,CA,94217,BRASIL,Medium
411,10163,43,100,6,4991.44,10/20/2003,Shipped,4,Oct,2003,Vintage Cars,S18_3320,NY,10022,BRASIL,Medium
412,10182,33,86.31,1,2848.23,11/12/2003,Shipped,4,Nov,2003,Vintage Cars,S18_3320,CA,97562,BRASIL,Small
413,10215,41,100,8,4555.92,1/29/2004,Shipped,1,Jan,2004,Vintage Cars,S18_3320,CA,94019,BRASIL,Medium
414,10257,26,89.29,5,2321.54,6/14/2004,Shipped,2,Jun,2004,Vintage Cars,S18_3320,CA,94217,BRASIL,Small
415,10290,26,96.23,2,2501.98,9/7/2004,Shipped,3,Sep,2004,Vintage Cars,S18_3320,MA,58339,BRASIL,Small
416,10312,33,100,8,3535.95,10/21/2004,Shipped,4,Oct,2004,Vintage Cars,S18_3320,CA,97562,BRASIL,Medium
417,10333,46,100,2,11336.7,11/18/2004,Shipped,4,Nov,2004,Vintage Cars,S18_3320,CA,,BRASIL,Large
418,10357,25,100,3,2604.25,12/10/2004,Shipped,4,Dec,2004,Vintage Cars,S18_3320,CA,97562,BRASIL,Small
419,10369,45,73.08,4,3288.6,1/20/2005,Shipped,1,Jan,2005,Vintage Cars,S18_3320,MA,58339,BRASIL,Medium
420,10382,50,100,7,8935.5,2/17/2005,Shipped,1,Feb,2005,Vintage Cars,S18_3320,CA,97562,BRASIL,Large
421,10135,42,100,9,5432.7,7/2/2003,Shipped,3,Jul,2003,Classic Cars,S18_3482,CA,97562,BRASIL,Medium
422,10147,37,100,9,4405.22,9/5/2003,Shipped,3,Sep,2003,Classic Cars,S18_3482,MA,58339,BRASIL,Medium
423,10159,25,100,4,3638,10/10/2003,Shipped,4,Oct,2003,Classic Cars,S18_3482,CA,,BRASIL,Medium
424,10276,30,100,5,3924.6,8/2/2004,Shipped,3,Ago,2004,Classic Cars,S18_3482,MA,58339,BRASIL,Medium
425,10390,50,100,1,7397,3/4/2005,Shipped,1,Mar,2005,Classic Cars,S18_3482,CA,97562,BRASIL,Large
426,10109,47,100,2,6241.6,3/10/2003,Shipped,1,Mar,2003,Classic Cars,S18_3685,PA,71270,BRASIL,Medium
427,10172,48,100,8,5493.12,11/5/2003,Shipped,4,Nov,2003,Classic Cars,S18_3685,CT,97562,BRASIL,Medium
428,10192,45,100,9,5340.6,11/20/2003,Shipped,4,Nov,2003,Classic Cars,S18_3685,NH,62005,BRASIL,Medium
429,10204,35,100,15,5735.8,12/2/2003,Shipped,4,Dec,2003,Classic Cars,S18_3685,NY,10022,BRASIL,Medium
430,10226,46,100,6,7343.9,2/26/2004,Shipped,1,Feb,2004,Classic Cars,S18_3685,CA,91217,BRASIL,Large
431,10278,31,100,4,4116.8,8/6/2004,Shipped,3,Ago,2004,Classic Cars,S18_3685,NV,83030,BRASIL,Medium
432,10321,28,100,8,4232.76,11/4/2004,Shipped,4,Nov,2004,Classic Cars,S18_3685,MA,50553,BRASIL,Medium
433,10331,26,67.91,12,1765.66,11/17/2004,Shipped,4,Nov,2004,Classic Cars,S18_3685,PA,71270,BRASIL,Small
434,10367,46,100,6,4808.38,1/12/2005,Resolved,1,Jan,2005,Classic Cars,S18_3685,CA,90003,BRASIL,Medium
435,10135,45,50.36,13,2266.2,7/2/2003,Shipped,3,Jul,2003,Motorcycles,S18_3782,CA,97562,BRASIL,Small
436,10146,47,67.14,2,3155.58,9/3/2003,Shipped,3,Sep,2003,Motorcycles,S18_3782,CT,97561,BRASIL,Medium
437,10159,21,64.66,8,1357.86,10/10/2003,Shipped,4,Oct,2003,Motorcycles,S18_3782,CA,,BRASIL,Small
438,10237,26,52.22,1,1357.72,4/5/2004,Shipped,2,Apr,2004,Motorcycles,S18_3782,NY,10022,BRASIL,Small
439,10264,48,54.71,3,2626.08,6/30/2004,Shipped,2,Jun,2004,Motorcycles,S18_3782,MA,51003,BRASIL,Small
440,10276,33,50.36,9,1661.88,8/2/2004,Shipped,3,Ago,2004,Motorcycles,S18_3782,MA,58339,BRASIL,Small
441,10319,44,59.06,4,2598.64,11/3/2004,Shipped,4,Nov,2004,Motorcycles,S18_3782,NY,10022,BRASIL,Small
442,10390,36,100,2,5079.96,3/4/2005,Shipped,1,Mar,2005,Motorcycles,S18_3782,CA,97562,BRASIL,Medium
443,10130,33,100,1,3423.75,6/16/2003,Shipped,2,Jun,2003,Vintage Cars,S18_3856,MA,58339,BRASIL,Medium
444,10143,34,100,12,3455.76,8/10/2003,Shipped,3,Ago,2003,Vintage Cars,S18_3856,MA,50553,BRASIL,Medium
445,10209,20,100,5,2498.6,1/9/2004,Shipped,1,Jan,2004,Vintage Cars,S18_3856,CA,,BRASIL,Small
446,10222,45,85.75,9,3858.75,2/19/2004,Shipped,1,Feb,2004,Vintage Cars,S18_3856,CA,91217,BRASIL,Medium
447,10249,46,100,5,5600.5,5/8/2004,Shipped,2,Mai,2004,Vintage Cars,S18_3856,MA,51247,BRASIL,Medium
448,10307,48,86.81,6,4166.88,10/14/2004,Shipped,4,Oct,2004,Vintage Cars,S18_3856,PA,71270,BRASIL,Medium
449,10400,58,100,6,7307.42,4/1/2005,Shipped,2,Apr,2005,Vintage Cars,S18_3856,CA,94217,BRASIL,Large
450,10127,25,100,5,3447,6/3/2003,Shipped,2,Jun,2003,Classic Cars,S18_4027,NY,10022,BRASIL,Medium
451,10142,24,100,15,3791.52,8/8/2003,Shipped,3,Ago,2003,Classic Cars,S18_4027,CA,97562,BRASIL,Medium
452,10185,39,100,16,5096.91,11/14/2003,Shipped,4,Nov,2003,Classic Cars,S18_4027,MA,50553,BRASIL,Medium
453,10196,27,100,8,4537.08,11/26/2003,Shipped,4,Nov,2003,Classic Cars,S18_4027,CT,97823,BRASIL,Medium
454,10207,40,100,1,6146.8,12/9/2003,Shipped,4,Dec,2003,Classic Cars,S18_4027,MA,51003,BRASIL,Medium
455,10272,25,100,5,3734,7/20/2004,Shipped,3,Jul,2004,Classic Cars,S18_4027,PA,70267,BRASIL,Medium
456,10282,31,100,8,4674.8,8/20/2004,Shipped,3,Ago,2004,Classic Cars,S18_4027,CA,97562,BRASIL,Medium
457,10292,44,100,2,7140.76,9/8/2004,Shipped,3,Sep,2004,Classic Cars,S18_4027,NY,10022,BRASIL,Large
458,10324,49,100,13,5379.71,11/5/2004,Shipped,4,Nov,2004,Classic Cars,S18_4027,NY,10022,BRASIL,Medium
459,10337,36,100,3,5679.36,11/21/2004,Shipped,4,Nov,2004,Classic Cars,S18_4027,NY,10022,BRASIL,Medium
460,10349,34,100,5,4394.84,12/1/2004,Shipped,4,Dec,2004,Classic Cars,S18_4027,NY,10022,BRASIL,Medium
461,10413,49,100,5,6896.75,5/5/2005,Shipped,2,Mai,2005,Classic Cars,S18_4027,CT,97562,BRASIL,Medium
462,10100,22,86.51,4,1903.22,1/6/2003,Shipped,1,Jan,2003,Vintage Cars,S18_4409,NH,62005,BRASIL,Small
463,10124,36,85.59,7,3081.24,5/21/2003,Shipped,2,Mai,2003,Vintage Cars,S18_4409,NV,83030,BRASIL,Medium
464,10162,39,100,10,3912.09,10/18/2003,Shipped,4,Oct,2003,Vintage Cars,S18_4409,CA,,BRASIL,Medium
465,10182,36,100,11,3942.72,11/12/2003,Shipped,4,Nov,2003,Vintage Cars,S18_4409,CA,97562,BRASIL,Medium
466,10204,29,85.59,5,2482.11,12/2/2003,Shipped,4,Dec,2003,Vintage Cars,S18_4409,NY,10022,BRASIL,Small
467,10367,43,62.72,8,2696.96,1/12/2005,Resolved,1,Jan,2005,Vintage Cars,S18_4409,CA,90003,BRASIL,Small
468,10407,6,90.19,3,541.14,4/22/2005,On Hold,2,Apr,2005,Vintage Cars,S18_4409,CA,94217,BRASIL,Small
469,10142,24,70.22,7,1685.28,8/8/2003,Shipped,3,Ago,2003,Vintage Cars,S18_4522,CA,97562,BRASIL,Small
470,10166,26,73.73,1,1916.98,10/21/2003,Shipped,4,Oct,2003,Vintage Cars,S18_4522,MA,50553,BRASIL,Small
471,10185,47,77.24,8,3630.28,11/14/2003,Shipped,4,Nov,2003,Vintage Cars,S18_4522,MA,50553,BRASIL,Medium
472,10248,42,75.48,11,3170.16,5/7/2004,Cancelled,2,Mai,2004,Vintage Cars,S18_4522,NY,10022,BRASIL,Medium
473,10337,29,100,2,4498.19,11/21/2004,Shipped,4,Nov,2004,Vintage Cars,S18_4522,NY,10022,BRASIL,Medium
474,10396,45,100,5,4739.4,3/23/2005,Shipped,1,Mar,2005,Vintage Cars,S18_4522,CA,97562,BRASIL,Medium
475,10414,16,75.48,11,1207.68,5/6/2005,On Hold,2,Mai,2005,Vintage Cars,S18_4522,MA,51003,BRASIL,Small
476,10140,40,100,5,4601.2,7/24/2003,Shipped,3,Jul,2003,Trucks and Buses,S18_4600,CA,94217,BRASIL,Medium
477,10183,21,100,2,2441.04,11/13/2003,Shipped,4,Nov,2003,Trucks and Buses,S18_4600,PA,71270,BRASIL,Small
478,10207,47,100,16,6658.02,12/9/2003,Shipped,4,Dec,2003,Trucks and Buses,S18_4600,MA,51003,BRASIL,Medium
479,10229,41,100,10,4716.23,3/11/2004,Shipped,1,Mar,2004,Trucks and Buses,S18_4600,CA,97562,BRASIL,Medium
480,10245,21,100,3,2390.22,5/4/2004,Shipped,2,Mai,2004,Trucks and Buses,S18_4600,CT,97823,BRASIL,Small
481,10281,25,99.29,10,2482.25,8/19/2004,Shipped,3,Ago,2004,Trucks and Buses,S18_4600,PA,70267,BRASIL,Small
482,10305,22,99.29,14,2184.38,10/13/2004,Shipped,4,Oct,2004,Trucks and Buses,S18_4600,MA,51247,BRASIL,Small
483,10357,28,100,2,3559.64,12/10/2004,Shipped,4,Dec,2004,Trucks and Buses,S18_4600,CA,97562,BRASIL,Medium
484,10382,39,100,1,4890.6,2/17/2005,Shipped,1,Feb,2005,Trucks and Buses,S18_4600,CA,97562,BRASIL,Medium
485,10113,50,49.81,3,2490.5,3/26/2003,Shipped,1,Mar,2003,Vintage Cars,S18_4668,CA,97562,BRASIL,Small
486,10140,29,43.27,9,1254.83,7/24/2003,Shipped,3,Jul,2003,Vintage Cars,S18_4668,CA,94217,BRASIL,Small
487,10183,40,49.3,6,1972,11/13/2003,Shipped,4,Nov,2003,Vintage Cars,S18_4668,PA,71270,BRASIL,Small
488,10215,46,45.28,1,2082.88,1/29/2004,Shipped,1,Jan,2004,Vintage Cars,S18_4668,CA,94019,BRASIL,Small
489,10229,39,40.25,14,1569.75,3/11/2004,Shipped,1,Mar,2004,Vintage Cars,S18_4668,CA,97562,BRASIL,Small
490,10245,45,59.87,7,2694.15,5/4/2004,Shipped,2,Mai,2004,Vintage Cars,S18_4668,CT,97823,BRASIL,Small
491,10281,44,59.87,14,2634.28,8/19/2004,Shipped,3,Ago,2004,Vintage Cars,S18_4668,PA,70267,BRASIL,Small
492,10312,39,56.85,1,2217.15,10/21/2004,Shipped,4,Oct,2004,Vintage Cars,S18_4668,CA,97562,BRASIL,Small
493,10324,38,100,6,6832.02,11/5/2004,Shipped,4,Nov,2004,Vintage Cars,S18_4668,NY,10022,BRASIL,Medium
494,10333,24,79.86,8,1916.64,11/18/2004,Shipped,4,Nov,2004,Vintage Cars,S18_4668,CA,,BRASIL,Small
495,10382,39,100,2,7827.3,2/17/2005,Shipped,1,Feb,2005,Vintage Cars,S18_4668,CA,97562,BRASIL,Large
496,10135,31,100,12,4705.18,7/2/2003,Shipped,3,Jul,2003,Classic Cars,S18_4721,CA,97562,BRASIL,Medium
497,10146,29,100,1,4444.54,9/3/2003,Shipped,3,Sep,2003,Classic Cars,S18_4721,CT,97561,BRASIL,Medium
498,10159,32,100,7,4618.88,10/10/2003,Shipped,4,Oct,2003,Classic Cars,S18_4721,CA,,BRASIL,Medium
499,10264,20,100,2,2410.6,6/30/2004,Shipped,2,Jun,2004,Classic Cars,S18_4721,MA,51003,BRASIL,Small
500,10276,48,100,8,5713.92,8/2/2004,Shipped,3,Ago,2004,Classic Cars,S18_4721,MA,58339,BRASIL,Medium
501,10319,45,100,3,7901.1,11/3/2004,Shipped,4,Nov,2004,Classic Cars,S18_4721,NY,10022,BRASIL,Large
502,10390,49,100,3,6862.94,3/4/2005,Shipped,1,Mar,2005,Classic Cars,S18_4721,CA,97562,BRASIL,Medium
503,10124,23,57.73,8,1327.79,5/21/2003,Shipped,2,Mai,2003,Classic Cars,S18_4933,NV,83030,BRASIL,Small
504,10182,44,69.84,12,3072.96,11/12/2003,Shipped,4,Nov,2003,Classic Cars,S18_4933,CA,97562,BRASIL,Medium
505,10204,45,76.26,6,3431.7,12/2/2003,Shipped,4,Dec,2003,Classic Cars,S18_4933,NY,10022,BRASIL,Medium
